id,job_type,role,org_id,O,C,E,A,N,DT,NFC,SM,status,ch_id
NS-0001,에르미렌씨족,UNASSIGNED,ORG-CLN-ELF-001,0.73,0.53,0.56,0.78,0.08,0.01,0.54,0.63,uninstantiated,
NS-0002,에르미렌씨족,UNASSIGNED,ORG-CLN-ELF-001,0.57,0.67,0.41,0.68,0.23,0.28,0.71,0.48,uninstantiated,
NS-0003,에르미렌씨족,UNASSIGNED,ORG-CLN-ELF-001,0.79,0.74,0.46,0.80,0.42,0.01,0.75,0.64,uninstantiated,
NS-0004,에르미렌씨족,UNASSIGNED,ORG-CLN-ELF-001,0.61,0.69,0.32,0.78,0.34,0.01,0.76,0.12,uninstantiated,
NS-0005,에르미렌씨족,UNASSIGNED,ORG-CLN-ELF-001,0.68,0.57,0.62,0.66,0.29,0.15,0.68,0.45,uninstantiated,
NS-0006,에르미렌씨족,UNASSIGNED,ORG-CLN-ELF-001,0.66,0.71,0.50,0.73,0.41,0.41,0.67,0.55,uninstantiated,
NS-0007,에르미렌씨족,UNASSIGNED,ORG-CLN-ELF-001,0.91,0.60,0.38,0.59,0.44,0.33,0.85,0.62,uninstantiated,
NS-0008,에르미렌씨족,UNASSIGNED,ORG-CLN-ELF-001,0.81,0.64,0.33,0.59,0.44,0.12,0.73,0.40,uninstantiated,
NS-0009,에르미렌씨족,UNASSIGNED,ORG-CLN-ELF-001,0.77,0.72,0.36,0.71,0.37,0.32,0.70,0.35,uninstantiated,
NS-0010,에르미렌씨족,UNASSIGNED,ORG-CLN-ELF-001,0.72,0.75,0.48,0.75,0.36,0.01,0.87,0.54,uninstantiated,
NS-0011,에르미렌씨족,UNASSIGNED,ORG-CLN-ELF-001,0.73,0.73,0.25,0.64,0.28,0.26,0.69,0.47,uninstantiated,
NS-0012,에르미렌씨족,UNASSIGNED,ORG-CLN-ELF-001,0.64,0.62,0.66,0.58,0.49,0.08,0.56,0.42,uninstantiated,
NS-0013,에르미렌씨족,UNASSIGNED,ORG-CLN-ELF-001,0.53,0.61,0.47,0.74,0.45,0.35,0.44,0.44,uninstantiated,
NS-0014,에르미렌씨족,UNASSIGNED,ORG-CLN-ELF-001,0.78,0.61,0.39,0.77,0.32,0.06,0.76,0.60,uninstantiated,
NS-0015,에르미렌씨족,UNASSIGNED,ORG-CLN-ELF-001,0.57,0.51,0.32,0.73,0.37,0.02,0.70,0.63,uninstantiated,
NS-0016,에르미렌씨족,UNASSIGNED,ORG-CLN-ELF-001,0.77,0.60,0.47,0.75,0.31,0.11,0.66,0.57,uninstantiated,
NS-0017,에르미렌씨족,UNASSIGNED,ORG-CLN-ELF-001,0.75,0.57,0.40,0.64,0.18,0.20,0.83,0.46,uninstantiated,
NS-0018,에르미렌씨족,UNASSIGNED,ORG-CLN-ELF-001,0.75,0.59,0.45,0.73,0.41,0.10,0.39,0.42,uninstantiated,
NS-0019,에르미렌씨족,UNASSIGNED,ORG-CLN-ELF-001,0.77,0.64,0.39,0.67,0.11,0.20,0.69,0.54,uninstantiated,
NS-0020,에르미렌씨족,UNASSIGNED,ORG-CLN-ELF-001,0.56,0.49,0.31,0.72,0.22,0.06,0.55,0.37,uninstantiated,
NS-0021,에르미렌씨족,UNASSIGNED,ORG-CLN-ELF-001,0.66,0.81,0.40,0.76,0.22,0.15,0.60,0.44,uninstantiated,
NS-0022,에르미렌씨족,UNASSIGNED,ORG-CLN-ELF-001,0.68,0.54,0.40,0.77,0.11,0.17,0.95,0.32,uninstantiated,
NS-0023,에르미렌씨족,UNASSIGNED,ORG-CLN-ELF-001,0.74,0.68,0.37,0.52,0.36,0.20,0.65,0.56,uninstantiated,
NS-0024,에르미렌씨족,UNASSIGNED,ORG-CLN-ELF-001,0.65,0.68,0.45,0.86,0.32,0.01,0.59,0.28,uninstantiated,
NS-0025,에르미렌씨족,UNASSIGNED,ORG-CLN-ELF-001,0.60,0.67,0.48,0.83,0.47,0.16,0.60,0.35,uninstantiated,
NS-0026,교수,UNASSIGNED,,0.61,0.82,0.31,0.44,0.30,0.27,0.39,0.33,uninstantiated,
NS-0027,장내상인,UNASSIGNED,,0.48,0.34,0.63,0.51,0.21,0.64,0.39,0.80,uninstantiated,
NS-0028,행정직,UNASSIGNED,,0.37,0.62,0.67,0.89,0.99,0.41,0.55,0.29,uninstantiated,
NS-0029,시설기숙사관리,UNASSIGNED,,0.62,0.40,0.14,0.60,0.32,0.36,0.45,0.21,uninstantiated,
NS-0030,시설기숙사관리,UNASSIGNED,,0.48,0.47,0.49,0.73,0.50,0.71,0.38,0.32,uninstantiated,
NS-0031,교수,UNASSIGNED,,0.52,0.39,0.22,0.47,0.46,0.40,0.63,0.51,uninstantiated,
NS-0032,연구원,UNASSIGNED,,0.87,0.59,0.70,0.47,0.26,0.36,0.89,0.17,uninstantiated,
NS-0033,장내상인,UNASSIGNED,,0.38,0.45,0.90,0.41,0.62,0.58,0.49,0.36,uninstantiated,
NS-0034,장내상인,UNASSIGNED,,0.39,0.73,0.59,0.52,0.46,0.12,0.46,0.77,uninstantiated,
NS-0035,교수,UNASSIGNED,,0.43,0.65,0.44,0.34,0.24,0.23,0.50,0.45,uninstantiated,
NS-0036,교수,UNASSIGNED,,0.58,0.84,0.55,0.53,0.52,0.15,0.52,0.22,uninstantiated,
NS-0037,교수,UNASSIGNED,,0.79,0.61,0.45,0.74,0.55,0.29,0.52,0.40,uninstantiated,
NS-0038,교수,UNASSIGNED,,0.83,0.60,0.30,0.32,0.77,0.36,0.47,0.26,uninstantiated,
NS-0039,교수,UNASSIGNED,,0.86,0.54,0.45,0.80,0.27,0.15,0.62,0.61,uninstantiated,
NS-0040,왕실파견감독관,UNASSIGNED,,0.39,0.68,0.45,0.55,0.44,0.41,0.37,0.60,uninstantiated,
NS-0041,교수,UNASSIGNED,,0.61,0.81,0.54,0.66,0.10,0.23,0.49,0.54,uninstantiated,
NS-0042,시설기숙사관리,UNASSIGNED,,0.54,0.43,0.30,0.40,0.41,0.31,0.51,0.24,uninstantiated,
NS-0043,교수,UNASSIGNED,,0.71,0.34,0.53,0.47,0.41,0.27,0.58,0.57,uninstantiated,
NS-0044,연구원,UNASSIGNED,,0.73,0.66,0.76,0.52,0.34,0.45,0.89,0.45,uninstantiated,
NS-0045,감찰단,UNASSIGNED,,0.51,0.61,0.55,0.37,0.49,0.47,0.44,0.23,uninstantiated,
NS-0046,교수,UNASSIGNED,,0.59,0.99,0.86,0.40,0.42,0.03,0.73,0.25,uninstantiated,
NS-0047,행정직,UNASSIGNED,,0.29,0.47,0.58,0.75,0.34,0.18,0.47,0.22,uninstantiated,
NS-0048,시설기숙사관리,UNASSIGNED,,0.43,0.20,0.49,0.37,0.37,0.47,0.36,0.28,uninstantiated,
NS-0049,감찰단,UNASSIGNED,,0.39,0.55,0.20,0.30,0.85,0.54,0.48,0.01,uninstantiated,
NS-0050,식당서비스,UNASSIGNED,,0.32,0.38,0.85,0.99,0.26,0.32,0.55,0.67,uninstantiated,
NS-0051,교수,UNASSIGNED,,0.48,0.63,0.83,0.38,0.43,0.43,0.58,0.34,uninstantiated,
NS-0052,교수,UNASSIGNED,,0.69,0.64,0.45,0.53,0.22,0.29,0.62,0.01,uninstantiated,
NS-0053,감찰단,UNASSIGNED,,0.51,0.52,0.56,0.46,0.55,0.37,0.45,0.24,uninstantiated,
NS-0054,교수,UNASSIGNED,,0.73,0.60,0.58,0.56,0.47,0.17,0.45,0.39,uninstantiated,
NS-0055,의료진,UNASSIGNED,,0.42,0.62,0.50,0.91,0.75,0.14,0.37,0.26,uninstantiated,
NS-0056,시설기숙사관리,UNASSIGNED,,0.62,0.44,0.32,0.75,0.52,0.22,0.44,0.56,uninstantiated,
NS-0057,장내상인,UNASSIGNED,,0.64,0.27,0.69,0.63,0.27,0.32,0.39,0.49,uninstantiated,
NS-0058,교수,UNASSIGNED,,0.47,0.61,0.53,0.50,0.45,0.01,0.57,0.51,uninstantiated,
NS-0059,교수,UNASSIGNED,,0.50,0.60,0.78,0.11,0.43,0.43,0.68,0.46,uninstantiated,
NS-0060,감찰단,UNASSIGNED,,0.58,0.62,0.45,0.25,0.53,0.40,0.42,0.32,uninstantiated,
NS-0061,연구원,UNASSIGNED,,0.86,0.31,0.68,0.49,0.46,0.35,0.64,0.43,uninstantiated,
NS-0062,장내상인,UNASSIGNED,,0.36,0.51,0.75,0.65,0.78,0.33,0.28,0.41,uninstantiated,
NS-0063,장내상인,UNASSIGNED,,0.76,0.64,0.83,0.62,0.62,0.38,0.60,0.43,uninstantiated,
NS-0064,교수,UNASSIGNED,,0.50,0.58,0.39,0.72,0.26,0.01,0.46,0.42,uninstantiated,
NS-0065,식당서비스,UNASSIGNED,,0.69,0.54,0.73,0.68,0.80,0.09,0.64,0.43,uninstantiated,
NS-0066,시설기숙사관리,UNASSIGNED,,0.68,0.30,0.51,0.35,0.38,0.37,0.43,0.31,uninstantiated,
NS-0067,룬공학장인,UNASSIGNED,,0.82,0.68,0.39,0.38,0.48,0.41,0.80,0.49,uninstantiated,
NS-0068,시설기숙사관리,UNASSIGNED,,0.33,0.46,0.58,0.75,0.58,0.53,0.38,0.46,uninstantiated,
NS-0069,행정직,UNASSIGNED,,0.14,0.62,0.53,0.62,0.76,0.44,0.26,0.21,uninstantiated,
NS-0070,감찰단,UNASSIGNED,,0.18,0.47,0.63,0.28,0.74,0.29,0.15,0.33,uninstantiated,
NS-0071,교수,UNASSIGNED,,0.62,0.71,0.42,0.69,0.66,0.17,0.62,0.31,uninstantiated,
NS-0072,교수,UNASSIGNED,,0.59,0.61,0.57,0.40,0.44,0.37,0.68,0.29,uninstantiated,
NS-0073,교수,UNASSIGNED,,0.52,0.64,0.70,0.37,0.45,0.39,0.58,0.46,uninstantiated,
NS-0074,연구원,UNASSIGNED,,0.82,0.44,0.37,0.58,0.62,0.39,0.88,0.27,uninstantiated,
NS-0075,의료진,UNASSIGNED,,0.55,0.80,0.67,0.69,0.57,0.07,0.79,0.30,uninstantiated,
NS-0076,룬공학장인,UNASSIGNED,,0.97,0.54,0.16,0.82,0.39,0.10,0.68,0.13,uninstantiated,
NS-0077,교수,UNASSIGNED,,0.57,0.79,0.23,0.34,0.18,0.26,0.59,0.24,uninstantiated,
NS-0078,교수,UNASSIGNED,,0.41,0.64,0.61,0.60,0.22,0.34,0.60,0.55,uninstantiated,
NS-0079,행정직,UNASSIGNED,,0.13,0.58,0.44,0.63,0.60,0.16,0.24,0.18,uninstantiated,
NS-0080,교수,UNASSIGNED,,0.57,0.70,0.56,0.64,0.34,0.14,0.76,0.80,uninstantiated,
NS-0081,교수,UNASSIGNED,,0.52,0.60,0.67,0.48,0.56,0.01,0.57,0.55,uninstantiated,
NS-0082,교수,UNASSIGNED,,0.50,0.55,0.67,0.21,0.24,0.32,0.57,0.66,uninstantiated,
NS-0083,시설기숙사관리,UNASSIGNED,,0.28,0.17,0.40,0.68,0.42,0.25,0.41,0.48,uninstantiated,
NS-0084,식당서비스,UNASSIGNED,,0.59,0.76,0.76,0.54,0.71,0.17,0.81,0.70,uninstantiated,
NS-0085,교수,UNASSIGNED,,0.57,0.43,0.41,0.30,0.31,0.40,0.54,0.27,uninstantiated,
NS-0086,교수,UNASSIGNED,,0.49,0.71,0.83,0.32,0.54,0.40,0.53,0.11,uninstantiated,
NS-0087,감찰단,UNASSIGNED,,0.36,0.65,0.50,0.24,0.64,0.09,0.63,0.22,uninstantiated,
NS-0088,감찰단,UNASSIGNED,,0.44,0.48,0.33,0.44,0.55,0.38,0.57,0.36,uninstantiated,
NS-0089,식당서비스,UNASSIGNED,,0.52,0.63,0.59,0.77,0.41,0.04,0.52,0.48,uninstantiated,
NS-0090,행정직,UNASSIGNED,,0.28,0.75,0.46,0.74,0.54,0.24,0.47,0.35,uninstantiated,
NS-0091,식당서비스,UNASSIGNED,,0.53,0.63,0.87,0.90,0.48,0.01,0.60,0.77,uninstantiated,
NS-0092,교수,UNASSIGNED,,0.58,0.75,0.37,0.61,0.47,0.19,0.64,0.38,uninstantiated,
NS-0093,감찰단,UNASSIGNED,,0.61,0.43,0.23,0.20,0.27,0.33,0.35,0.42,uninstantiated,
NS-0094,식당서비스,UNASSIGNED,,0.47,0.52,0.87,0.74,0.30,0.29,0.34,0.47,uninstantiated,
NS-0095,시설기숙사관리,UNASSIGNED,,0.61,0.50,0.47,0.58,0.58,0.32,0.41,0.22,uninstantiated,
NS-0096,감찰단,UNASSIGNED,,0.49,0.75,0.31,0.55,0.94,0.26,0.36,0.40,uninstantiated,
NS-0097,서약원파견관,UNASSIGNED,,0.59,0.81,0.54,0.65,0.46,0.01,0.55,0.42,uninstantiated,
NS-0098,감찰단,UNASSIGNED,,0.52,0.44,0.60,0.41,0.59,0.20,0.55,0.31,uninstantiated,
NS-0099,연구원,UNASSIGNED,,0.75,0.63,0.47,0.63,0.41,0.12,0.63,0.34,uninstantiated,
NS-0100,교수,UNASSIGNED,,0.72,0.26,0.46,0.21,0.20,0.44,0.57,0.36,uninstantiated,
NS-0101,룬공학장인,UNASSIGNED,,0.80,0.72,0.39,0.29,0.01,0.13,0.58,0.34,uninstantiated,
NS-0102,교수,UNASSIGNED,,0.45,0.98,0.60,0.45,0.55,0.34,0.54,0.16,uninstantiated,
NS-0103,시설기숙사관리,UNASSIGNED,,0.27,0.52,0.54,0.54,0.61,0.30,0.46,0.12,uninstantiated,
NS-0104,교수,UNASSIGNED,,0.61,0.68,0.40,0.70,0.76,0.08,0.63,0.27,uninstantiated,
NS-0105,감찰단,UNASSIGNED,,0.38,0.42,0.76,0.52,0.72,0.40,0.31,0.35,uninstantiated,
NS-0106,교수,UNASSIGNED,,0.47,0.82,0.54,0.59,0.75,0.29,0.56,0.47,uninstantiated,
NS-0107,교수,UNASSIGNED,,0.48,0.41,0.44,0.63,0.19,0.28,0.78,0.48,uninstantiated,
NS-0108,장내상인,UNASSIGNED,,0.66,0.48,0.73,0.14,0.33,0.76,0.57,0.54,uninstantiated,
NS-0109,시설기숙사관리,UNASSIGNED,,0.25,0.43,0.56,0.52,0.42,0.25,0.29,0.28,uninstantiated,
NS-0110,시설기숙사관리,UNASSIGNED,,0.52,0.60,0.34,0.67,0.59,0.21,0.49,0.28,uninstantiated,
NS-0111,의료진,UNASSIGNED,,0.62,0.66,0.57,0.90,0.45,0.18,0.63,0.52,uninstantiated,
NS-0112,감찰단,UNASSIGNED,,0.49,0.44,0.33,0.34,0.31,0.34,0.46,0.43,uninstantiated,
NS-0113,교수,UNASSIGNED,,0.54,0.63,0.53,0.42,0.63,0.28,0.52,0.33,uninstantiated,
NS-0114,감찰단,UNASSIGNED,,0.68,0.54,0.40,0.64,0.50,0.01,0.39,0.53,uninstantiated,
NS-0115,감찰단,UNASSIGNED,,0.29,0.56,0.57,0.40,0.50,0.30,0.29,0.36,uninstantiated,
NS-0116,행정직,UNASSIGNED,,0.29,0.80,0.74,0.51,0.54,0.13,0.47,0.52,uninstantiated,
NS-0117,시설기숙사관리,UNASSIGNED,,0.12,0.37,0.47,0.37,0.60,0.19,0.25,0.21,uninstantiated,
NS-0118,교수,UNASSIGNED,,0.91,0.37,0.37,0.59,0.76,0.23,0.52,0.10,uninstantiated,
NS-0119,장내상인,UNASSIGNED,,0.33,0.61,0.85,0.27,0.24,0.25,0.47,0.56,uninstantiated,
NS-0120,장내상인,UNASSIGNED,,0.47,0.48,0.67,0.59,0.15,0.34,0.54,0.64,uninstantiated,
NS-0121,장내상인,UNASSIGNED,,0.64,0.47,0.75,0.44,0.36,0.46,0.68,0.62,uninstantiated,
NS-0122,교수,UNASSIGNED,,0.65,0.70,0.60,0.26,0.57,0.26,0.58,0.44,uninstantiated,
NS-0123,행정직,UNASSIGNED,,0.36,0.61,0.26,0.63,0.32,0.14,0.53,0.24,uninstantiated,
NS-0124,행정직,UNASSIGNED,,0.32,0.69,0.56,0.45,0.73,0.08,0.37,0.18,uninstantiated,
NS-0125,교수,UNASSIGNED,,0.47,0.58,0.57,0.44,0.55,0.28,0.57,0.46,uninstantiated,
NS-0126,장내상인,UNASSIGNED,,0.45,0.50,0.77,0.37,0.04,0.40,0.59,0.64,uninstantiated,
NS-0127,룬공학장인,UNASSIGNED,,0.84,0.99,0.45,0.22,0.41,0.39,0.88,0.27,uninstantiated,
NS-0128,교수,UNASSIGNED,,0.50,0.54,0.32,0.65,0.56,0.13,0.58,0.45,uninstantiated,
NS-0129,장내상인,UNASSIGNED,,0.28,0.69,0.89,0.58,0.41,0.46,0.56,0.39,uninstantiated,
NS-0130,교수,UNASSIGNED,,0.52,0.67,0.21,0.58,0.40,0.01,0.54,0.18,uninstantiated,
NS-0131,장내상인,UNASSIGNED,,0.88,0.54,0.82,0.36,0.58,0.24,0.69,0.78,uninstantiated,
NS-0132,장내상인,UNASSIGNED,,0.61,0.42,0.55,0.76,0.41,0.34,0.68,0.60,uninstantiated,
NS-0133,감찰단,UNASSIGNED,,0.25,0.57,0.36,0.49,0.46,0.54,0.32,0.22,uninstantiated,
NS-0134,시설기숙사관리,UNASSIGNED,,0.24,0.30,0.61,0.46,0.01,0.41,0.32,0.55,uninstantiated,
NS-0135,교수,UNASSIGNED,,0.69,0.62,0.39,0.33,0.62,0.36,0.60,0.32,uninstantiated,
NS-0136,룬공학장인,UNASSIGNED,,0.61,0.98,0.60,0.62,0.44,0.01,0.74,0.02,uninstantiated,
NS-0137,교수,UNASSIGNED,,0.70,0.68,0.75,0.46,0.39,0.01,0.55,0.39,uninstantiated,
NS-0138,장내상인,UNASSIGNED,,0.46,0.70,0.79,0.47,0.39,0.33,0.55,0.49,uninstantiated,
NS-0139,교수,UNASSIGNED,,0.61,0.53,0.69,0.17,0.32,0.39,0.55,0.43,uninstantiated,
NS-0140,시설기숙사관리,UNASSIGNED,,0.41,0.18,0.35,0.39,0.43,0.27,0.08,0.37,uninstantiated,
NS-0141,교수,UNASSIGNED,,0.75,0.53,0.33,0.54,0.66,0.31,0.55,0.47,uninstantiated,
NS-0142,시설기숙사관리,UNASSIGNED,,0.37,0.42,0.62,0.51,0.59,0.41,0.39,0.35,uninstantiated,
NS-0143,교수,UNASSIGNED,,0.55,0.69,0.33,0.55,0.43,0.35,0.55,0.16,uninstantiated,
NS-0144,시설기숙사관리,UNASSIGNED,,0.33,0.30,0.64,0.49,0.29,0.40,0.58,0.52,uninstantiated,
NS-0145,감찰단,UNASSIGNED,,0.53,0.76,0.11,0.30,0.30,0.42,0.42,0.16,uninstantiated,
NS-0146,연구원,UNASSIGNED,,0.81,0.62,0.66,0.36,0.27,0.32,0.58,0.50,uninstantiated,
NS-0147,감찰단,UNASSIGNED,,0.63,0.58,0.62,0.52,0.52,0.30,0.24,0.40,uninstantiated,
NS-0148,장내상인,UNASSIGNED,,0.58,0.70,0.67,0.27,0.07,0.46,0.58,0.83,uninstantiated,
NS-0149,교수,UNASSIGNED,,0.73,0.77,0.34,0.23,0.49,0.18,0.59,0.01,uninstantiated,
NS-0150,룬공학장인,UNASSIGNED,,0.72,0.88,0.61,0.49,0.31,0.62,0.66,0.41,uninstantiated,
NS-0151,교수,UNASSIGNED,,0.55,0.52,0.34,0.90,0.79,0.25,0.63,0.29,uninstantiated,
NS-0152,연구원,UNASSIGNED,,0.75,0.41,0.67,0.66,0.55,0.38,0.69,0.40,uninstantiated,
NS-0153,교수,UNASSIGNED,,0.77,0.68,0.65,0.66,0.53,0.31,0.68,0.61,uninstantiated,
NS-0154,감찰단,UNASSIGNED,,0.23,0.58,0.42,0.33,0.77,0.71,0.30,0.33,uninstantiated,
NS-0155,연구원,UNASSIGNED,,0.86,0.80,0.57,0.78,0.47,0.24,0.88,0.47,uninstantiated,
NS-0156,교수,UNASSIGNED,,0.59,0.38,0.59,0.56,0.24,0.06,0.54,0.47,uninstantiated,
NS-0157,장내상인,UNASSIGNED,,0.54,0.56,0.84,0.70,0.47,0.49,0.45,0.54,uninstantiated,
NS-0158,감찰단,UNASSIGNED,,0.59,0.58,0.48,0.37,0.44,0.29,0.33,0.36,uninstantiated,
NS-0159,시설기숙사관리,UNASSIGNED,,0.42,0.36,0.61,0.62,0.15,0.29,0.42,0.51,uninstantiated,
NS-0160,의료진,UNASSIGNED,,0.53,0.74,0.71,0.72,0.48,0.01,0.69,0.45,uninstantiated,
NS-0161,시설기숙사관리,UNASSIGNED,,0.40,0.39,0.58,0.61,0.70,0.45,0.69,0.41,uninstantiated,
NS-0162,교수,UNASSIGNED,,0.75,0.55,0.30,0.50,0.51,0.18,0.61,0.43,uninstantiated,
NS-0163,시설기숙사관리,UNASSIGNED,,0.51,0.47,0.57,0.46,0.36,0.35,0.41,0.26,uninstantiated,
NS-0164,교수,UNASSIGNED,,0.61,0.50,0.56,0.60,0.26,0.20,0.43,0.34,uninstantiated,
NS-0165,교수,UNASSIGNED,,0.46,0.81,0.31,0.19,0.13,0.55,0.66,0.05,uninstantiated,
NS-0166,장내상인,UNASSIGNED,,0.56,0.58,0.50,0.76,0.01,0.40,0.39,0.64,uninstantiated,
NS-0167,룬공학장인,UNASSIGNED,,0.62,0.84,0.32,0.49,0.33,0.18,0.72,0.35,uninstantiated,
NS-0168,식당서비스,UNASSIGNED,,0.39,0.51,0.78,0.86,0.41,0.22,0.59,0.61,uninstantiated,
NS-0169,연구원,UNASSIGNED,,0.89,0.58,0.84,0.53,0.49,0.28,0.75,0.38,uninstantiated,
NS-0170,룬공학장인,UNASSIGNED,,0.62,0.99,0.67,0.43,0.64,0.44,0.64,0.63,uninstantiated,
NS-0171,교수,UNASSIGNED,,0.48,0.49,0.68,0.56,0.52,0.29,0.56,0.37,uninstantiated,
NS-0172,교수,UNASSIGNED,,0.55,0.63,0.60,0.22,0.59,0.38,0.55,0.39,uninstantiated,
NS-0173,시설기숙사관리,UNASSIGNED,,0.37,0.32,0.51,0.56,0.35,0.48,0.31,0.54,uninstantiated,
NS-0174,연구원,UNASSIGNED,,0.70,0.34,0.45,0.45,0.46,0.29,0.77,0.27,uninstantiated,
NS-0175,교수,UNASSIGNED,,0.60,0.40,0.65,0.56,0.13,0.27,0.52,0.48,uninstantiated,
NS-0176,행정직,UNASSIGNED,,0.20,0.57,0.48,0.53,0.46,0.06,0.49,0.35,uninstantiated,
NS-0177,왕실파견감독관,UNASSIGNED,,0.59,0.73,0.32,0.35,0.27,0.35,0.30,0.73,uninstantiated,
NS-0178,룬공학장인,UNASSIGNED,,0.60,0.78,0.44,0.12,0.16,0.61,0.80,0.41,uninstantiated,
NS-0179,교수,UNASSIGNED,,0.40,0.48,0.45,0.56,0.41,0.40,0.64,0.60,uninstantiated,
NS-0180,연구원,UNASSIGNED,,0.74,0.46,0.36,0.63,0.19,0.41,0.63,0.61,uninstantiated,
NS-0181,의료진,UNASSIGNED,,0.62,0.59,0.49,0.82,0.36,0.01,0.67,0.50,uninstantiated,
NS-0182,연구원,UNASSIGNED,,0.92,0.53,0.29,0.56,0.28,0.24,0.77,0.27,uninstantiated,
NS-0183,감찰단,UNASSIGNED,,0.41,0.64,0.62,0.44,0.65,0.23,0.39,0.51,uninstantiated,
NS-0184,교수,UNASSIGNED,,0.76,0.81,0.62,0.78,0.13,0.03,0.83,0.34,uninstantiated,
NS-0185,왕실파견감독관,UNASSIGNED,,0.49,0.42,0.54,0.45,0.44,0.48,0.37,0.64,uninstantiated,
NS-0186,연구원,UNASSIGNED,,0.89,0.54,0.59,0.51,0.48,0.32,0.60,0.51,uninstantiated,
NS-0187,의료진,UNASSIGNED,,0.55,0.65,0.73,0.83,0.53,0.01,0.72,0.12,uninstantiated,
NS-0188,교수,UNASSIGNED,,0.66,0.37,0.50,0.71,0.63,0.10,0.64,0.36,uninstantiated,
NS-0189,의료진,UNASSIGNED,,0.59,0.72,0.61,0.75,0.52,0.01,0.51,0.53,uninstantiated,
NS-0190,교수,UNASSIGNED,,0.49,0.63,0.01,0.62,0.01,0.14,0.48,0.23,uninstantiated,
NS-0191,왕실파견감독관,UNASSIGNED,,0.24,0.65,0.61,0.35,0.34,0.65,0.36,0.49,uninstantiated,
NS-0192,장내상인,UNASSIGNED,,0.80,0.49,0.92,0.55,0.54,0.58,0.72,0.49,uninstantiated,
NS-0193,교수,UNASSIGNED,,0.84,0.59,0.34,0.53,0.46,0.01,0.53,0.18,uninstantiated,
NS-0194,행정직,UNASSIGNED,,0.30,0.53,0.39,0.71,0.48,0.44,0.47,0.31,uninstantiated,
NS-0195,교수,UNASSIGNED,,0.50,0.55,0.56,0.65,0.29,0.36,0.64,0.47,uninstantiated,
NS-0196,행정직,UNASSIGNED,,0.36,0.76,0.45,0.31,0.55,0.11,0.47,0.22,uninstantiated,
NS-0197,장내상인,UNASSIGNED,,0.63,0.31,0.56,0.68,0.54,0.28,0.63,0.63,uninstantiated,
NS-0198,교수,UNASSIGNED,,0.66,0.33,0.58,0.50,0.38,0.53,0.49,0.36,uninstantiated,
NS-0199,식당서비스,UNASSIGNED,,0.71,0.82,0.84,0.77,0.45,0.25,0.68,0.61,uninstantiated,
NS-0200,교수,UNASSIGNED,,0.61,0.70,0.54,0.57,0.62,0.07,0.46,0.38,uninstantiated,
NS-0201,교수,UNASSIGNED,,0.54,0.45,0.45,0.66,0.47,0.36,0.63,0.17,uninstantiated,
NS-0202,교수,UNASSIGNED,,0.61,0.68,0.45,0.68,0.54,0.01,0.49,0.18,uninstantiated,
NS-0203,교수,UNASSIGNED,,0.33,0.82,0.43,0.27,0.28,0.25,0.57,0.31,uninstantiated,
NS-0204,왕실파견감독관,UNASSIGNED,,0.37,0.58,0.47,0.49,0.58,0.50,0.44,0.60,uninstantiated,
NS-0205,교수,UNASSIGNED,,0.61,0.62,0.59,0.65,0.09,0.16,0.50,0.61,uninstantiated,
NS-0206,시설기숙사관리,UNASSIGNED,,0.48,0.20,0.53,0.55,0.66,0.36,0.30,0.15,uninstantiated,
NS-0207,연구원,UNASSIGNED,,0.76,0.60,0.43,0.63,0.37,0.33,0.83,0.01,uninstantiated,
NS-0208,교수,UNASSIGNED,,0.55,0.74,0.42,0.69,0.59,0.33,0.60,0.43,uninstantiated,
NS-0209,행정직,UNASSIGNED,,0.38,0.74,0.65,0.57,0.33,0.42,0.41,0.43,uninstantiated,
NS-0210,왕실파견감독관,UNASSIGNED,,0.40,0.48,0.62,0.39,0.55,0.55,0.47,0.55,uninstantiated,
NS-0211,서약원파견관,UNASSIGNED,,0.33,0.54,0.54,0.97,0.22,0.25,0.47,0.35,uninstantiated,
NS-0212,연구원,UNASSIGNED,,0.81,0.60,0.59,0.57,0.55,0.40,0.99,0.50,uninstantiated,
NS-0213,의료진,UNASSIGNED,,0.52,0.82,0.44,0.74,0.35,0.14,0.65,0.50,uninstantiated,
NS-0214,시설기숙사관리,UNASSIGNED,,0.54,0.39,0.60,0.80,0.46,0.26,0.45,0.42,uninstantiated,
NS-0215,교수,UNASSIGNED,,0.51,0.38,0.48,0.28,0.31,0.38,0.66,0.34,uninstantiated,
NS-0216,식당서비스,UNASSIGNED,,0.59,0.79,0.99,0.45,0.73,0.21,0.36,0.52,uninstantiated,
NS-0217,교수,UNASSIGNED,,0.59,0.54,0.60,0.56,0.49,0.16,0.56,0.52,uninstantiated,
NS-0218,교수,UNASSIGNED,,0.48,0.33,0.24,0.66,0.42,0.21,0.70,0.31,uninstantiated,
NS-0219,장내상인,UNASSIGNED,,0.44,0.57,0.66,0.58,0.35,0.31,0.50,0.61,uninstantiated,
NS-0220,교수,UNASSIGNED,,0.77,0.84,0.61,0.72,0.69,0.41,0.47,0.35,uninstantiated,
NS-0221,교수,UNASSIGNED,,0.75,0.67,0.63,0.64,0.27,0.18,0.64,0.33,uninstantiated,
NS-0222,교수,UNASSIGNED,,0.68,0.34,0.38,0.77,0.62,0.41,0.70,0.66,uninstantiated,
NS-0223,연구원,UNASSIGNED,,0.82,0.52,0.31,0.51,0.49,0.44,0.67,0.26,uninstantiated,
NS-0224,교수,UNASSIGNED,,0.56,0.76,0.45,0.61,0.29,0.12,0.51,0.31,uninstantiated,
NS-0225,교수,UNASSIGNED,,0.63,0.57,0.39,0.51,0.44,0.36,0.48,0.35,uninstantiated,
NS-0226,교수,UNASSIGNED,,0.50,0.87,0.50,0.51,0.09,0.10,0.58,0.44,uninstantiated,
NS-0227,행정직,UNASSIGNED,,0.39,0.53,0.40,0.78,0.44,0.38,0.52,0.30,uninstantiated,
NS-0228,연구원,UNASSIGNED,,0.78,0.58,0.53,0.53,0.47,0.38,0.81,0.44,uninstantiated,
NS-0229,연구원,UNASSIGNED,,0.86,0.18,0.16,0.46,0.47,0.18,0.67,0.32,uninstantiated,
NS-0230,교수,UNASSIGNED,,0.67,0.65,0.45,0.72,0.66,0.24,0.65,0.38,uninstantiated,
NS-0231,감찰단,UNASSIGNED,,0.58,0.73,0.57,0.45,0.60,0.56,0.41,0.03,uninstantiated,
NS-0232,장내상인,UNASSIGNED,,0.57,0.57,0.79,0.13,0.21,0.42,0.41,0.80,uninstantiated,
NS-0233,감찰단,UNASSIGNED,,0.34,0.51,0.47,0.29,0.29,0.44,0.51,0.34,uninstantiated,
NS-0234,장내상인,UNASSIGNED,,0.40,0.99,0.84,0.48,0.40,0.32,0.44,0.56,uninstantiated,
NS-0235,시설기숙사관리,UNASSIGNED,,0.34,0.25,0.50,0.38,0.45,0.29,0.32,0.18,uninstantiated,
NS-0236,시설기숙사관리,UNASSIGNED,,0.26,0.44,0.55,0.61,0.55,0.41,0.41,0.30,uninstantiated,
NS-0237,행정직,UNASSIGNED,,0.31,0.72,0.38,0.66,0.47,0.01,0.33,0.20,uninstantiated,
NS-0238,행정직,UNASSIGNED,,0.30,0.52,0.59,0.65,0.44,0.18,0.30,0.62,uninstantiated,
NS-0239,룬공학장인,UNASSIGNED,,0.83,0.74,0.47,0.68,0.82,0.40,0.65,0.26,uninstantiated,
NS-0240,연구원,UNASSIGNED,,0.90,0.36,0.35,0.80,0.28,0.22,0.72,0.58,uninstantiated,
NS-0241,시설기숙사관리,UNASSIGNED,,0.31,0.49,0.60,0.53,0.35,0.27,0.57,0.34,uninstantiated,
NS-0242,행정직,UNASSIGNED,,0.43,0.45,0.36,0.94,0.52,0.22,0.54,0.29,uninstantiated,
NS-0243,교수,UNASSIGNED,,0.71,0.49,0.49,0.43,0.01,0.24,0.65,0.47,uninstantiated,
NS-0244,시설기숙사관리,UNASSIGNED,,0.30,0.26,0.12,0.35,0.71,0.45,0.19,0.32,uninstantiated,
NS-0245,교수,UNASSIGNED,,0.54,0.79,0.59,0.68,0.31,0.25,0.49,0.18,uninstantiated,
NS-0246,교수,UNASSIGNED,,0.64,0.69,0.42,0.65,0.57,0.10,0.53,0.16,uninstantiated,
NS-0247,시설기숙사관리,UNASSIGNED,,0.45,0.38,0.31,0.56,0.53,0.32,0.48,0.02,uninstantiated,
NS-0248,행정직,UNASSIGNED,,0.41,0.57,0.62,0.66,0.75,0.27,0.49,0.22,uninstantiated,
NS-0249,감찰단,UNASSIGNED,,0.78,0.40,0.82,0.46,0.66,0.21,0.30,0.42,uninstantiated,
NS-0250,시설기숙사관리,UNASSIGNED,,0.56,0.50,0.19,0.52,0.19,0.07,0.45,0.09,uninstantiated,
NS-0251,룬공학장인,UNASSIGNED,,0.72,0.83,0.38,0.60,0.34,0.37,0.85,0.27,uninstantiated,
NS-0252,의료진,UNASSIGNED,,0.44,0.70,0.51,0.85,0.38,0.17,0.57,0.13,uninstantiated,
NS-0253,교수,UNASSIGNED,,0.73,0.59,0.66,0.47,0.46,0.13,0.44,0.34,uninstantiated,
NS-0254,식당서비스,UNASSIGNED,,0.53,0.43,0.64,0.66,0.58,0.09,0.79,0.62,uninstantiated,
NS-0255,룬공학장인,UNASSIGNED,,0.83,0.82,0.45,0.61,0.36,0.13,0.74,0.47,uninstantiated,
NS-0256,장내상인,UNASSIGNED,,0.55,0.47,0.81,0.61,0.43,0.56,0.58,0.58,uninstantiated,
NS-0257,교수,UNASSIGNED,,0.76,0.20,0.16,0.69,0.48,0.24,0.56,0.19,uninstantiated,
NS-0258,시설기숙사관리,UNASSIGNED,,0.60,0.34,0.52,0.89,0.62,0.44,0.44,0.22,uninstantiated,
NS-0259,감찰단,UNASSIGNED,,0.58,0.50,0.45,0.19,0.52,0.50,0.41,0.17,uninstantiated,
NS-0260,연구원,UNASSIGNED,,0.70,0.30,0.40,0.35,0.30,0.45,0.81,0.41,uninstantiated,
NS-0261,식당서비스,UNASSIGNED,,0.56,0.22,0.63,0.68,0.42,0.14,0.59,0.64,uninstantiated,
NS-0262,왕실파견감독관,UNASSIGNED,,0.10,0.40,0.74,0.08,0.41,0.71,0.40,0.53,uninstantiated,
NS-0263,행정직,UNASSIGNED,,0.34,0.71,0.40,0.62,0.57,0.18,0.55,0.37,uninstantiated,
NS-0264,교수,UNASSIGNED,,0.88,0.54,0.59,0.30,0.68,0.57,0.50,0.31,uninstantiated,
NS-0265,감찰단,UNASSIGNED,,0.41,0.47,0.52,0.28,0.51,0.32,0.60,0.35,uninstantiated,
NS-0266,교수,UNASSIGNED,,0.72,0.62,0.23,0.53,0.60,0.28,0.48,0.22,uninstantiated,
NS-0267,시설기숙사관리,UNASSIGNED,,0.21,0.39,0.68,0.60,0.54,0.42,0.38,0.39,uninstantiated,
NS-0268,식당서비스,UNASSIGNED,,0.88,0.65,0.64,0.99,0.43,0.06,0.52,0.84,uninstantiated,
NS-0269,시설기숙사관리,UNASSIGNED,,0.41,0.64,0.60,0.46,0.28,0.34,0.26,0.18,uninstantiated,
NS-0270,연구원,UNASSIGNED,,0.97,0.63,0.39,0.71,0.45,0.12,0.78,0.39,uninstantiated,
NS-0271,행정직,UNASSIGNED,,0.50,0.67,0.29,0.61,0.81,0.17,0.39,0.38,uninstantiated,
NS-0272,시설기숙사관리,UNASSIGNED,,0.63,0.51,0.43,0.48,0.42,0.54,0.30,0.17,uninstantiated,
NS-0273,교수,UNASSIGNED,,0.48,0.73,0.21,0.70,0.40,0.27,0.63,0.17,uninstantiated,
NS-0274,식당서비스,UNASSIGNED,,0.62,0.38,0.76,0.76,0.64,0.21,0.78,0.45,uninstantiated,
NS-0275,감찰단,UNASSIGNED,,0.28,0.71,0.59,0.28,0.47,0.46,0.63,0.31,uninstantiated,
NS-0276,교수,UNASSIGNED,,0.62,0.66,0.55,0.60,0.74,0.18,0.53,0.13,uninstantiated,
NS-0277,교수,UNASSIGNED,,0.77,0.08,0.46,0.52,0.15,0.18,0.54,0.61,uninstantiated,
NS-0278,룬공학장인,UNASSIGNED,,0.57,0.78,0.32,0.61,0.31,0.29,0.74,0.43,uninstantiated,
NS-0279,교수,UNASSIGNED,,0.43,0.82,0.42,0.63,0.13,0.01,0.75,0.46,uninstantiated,
NS-0280,교수,UNASSIGNED,,0.89,0.67,0.49,0.65,0.22,0.28,0.70,0.37,uninstantiated,
NS-0281,교수,UNASSIGNED,,0.76,0.51,0.48,0.47,0.37,0.26,0.62,0.45,uninstantiated,
NS-0282,교수,UNASSIGNED,,0.68,0.61,0.64,0.55,0.56,0.27,0.64,0.32,uninstantiated,
NS-0283,의료진,UNASSIGNED,,0.47,0.95,0.24,0.76,0.72,0.16,0.64,0.14,uninstantiated,
NS-0284,식당서비스,UNASSIGNED,,0.40,0.95,0.70,0.72,0.48,0.23,0.58,0.73,uninstantiated,
NS-0285,식당서비스,UNASSIGNED,,0.51,0.53,0.59,0.79,0.50,0.09,0.51,0.46,uninstantiated,
NS-0286,교수,UNASSIGNED,,0.39,0.71,0.69,0.66,0.60,0.37,0.68,0.25,uninstantiated,
NS-0287,감찰단,UNASSIGNED,,0.50,0.41,0.36,0.27,0.51,0.45,0.60,0.32,uninstantiated,
NS-0288,시설기숙사관리,UNASSIGNED,,0.53,0.50,0.01,0.34,0.67,0.16,0.51,0.01,uninstantiated,
NS-0289,의료진,UNASSIGNED,,0.43,0.63,0.27,0.79,0.44,0.10,0.73,0.13,uninstantiated,
NS-0290,교수,UNASSIGNED,,0.60,0.97,0.79,0.50,0.36,0.42,0.65,0.35,uninstantiated,
NS-0291,교수,UNASSIGNED,,0.49,0.66,0.50,0.48,0.73,0.59,0.71,0.24,uninstantiated,
NS-0292,의료진,UNASSIGNED,,0.53,0.96,0.54,0.85,0.53,0.17,0.72,0.51,uninstantiated,
NS-0293,연구원,UNASSIGNED,,0.72,0.45,0.37,0.63,0.65,0.11,0.97,0.43,uninstantiated,
NS-0294,감찰단,UNASSIGNED,,0.56,0.35,0.28,0.31,0.15,0.41,0.35,0.44,uninstantiated,
NS-0295,교수,UNASSIGNED,,0.57,0.76,0.52,0.17,0.44,0.51,0.50,0.19,uninstantiated,
NS-0296,교수,UNASSIGNED,,0.52,0.93,0.26,0.48,0.78,0.34,0.62,0.09,uninstantiated,
NS-0297,교수,UNASSIGNED,,0.63,0.67,0.54,0.61,0.61,0.38,0.64,0.42,uninstantiated,
NS-0298,교수,UNASSIGNED,,0.40,0.72,0.27,0.61,0.50,0.24,0.75,0.16,uninstantiated,
NS-0299,감찰단,UNASSIGNED,,0.44,0.57,0.41,0.37,0.41,0.32,0.40,0.29,uninstantiated,
NS-0300,교수,UNASSIGNED,,0.35,0.62,0.31,0.67,0.26,0.06,0.61,0.39,uninstantiated,
NS-0301,식당서비스,UNASSIGNED,,0.45,0.46,0.76,0.61,0.43,0.04,0.63,0.47,uninstantiated,
NS-0302,교수,UNASSIGNED,,0.64,0.21,0.51,0.89,0.49,0.30,0.58,0.51,uninstantiated,
NS-0303,장내상인,UNASSIGNED,,0.56,0.66,0.68,0.21,0.17,0.39,0.48,0.72,uninstantiated,
NS-0304,교수,UNASSIGNED,,0.59,0.45,0.76,0.50,0.12,0.39,0.76,0.57,uninstantiated,
NS-0305,시설기숙사관리,UNASSIGNED,,0.32,0.10,0.48,0.52,0.39,0.22,0.47,0.58,uninstantiated,
NS-0306,룬공학장인,UNASSIGNED,,0.74,0.77,0.49,0.19,0.58,0.48,0.72,0.41,uninstantiated,
NS-0307,교수,UNASSIGNED,,0.65,0.62,0.70,0.35,0.83,0.76,0.57,0.18,uninstantiated,
NS-0308,감찰단,UNASSIGNED,,0.38,0.70,0.22,0.39,0.74,0.34,0.47,0.01,uninstantiated,
NS-0309,행정직,UNASSIGNED,,0.50,0.71,0.56,0.53,0.72,0.30,0.51,0.22,uninstantiated,
NS-0310,시설기숙사관리,UNASSIGNED,,0.51,0.27,0.38,0.64,0.54,0.37,0.51,0.24,uninstantiated,
NS-0311,시설기숙사관리,UNASSIGNED,,0.27,0.45,0.42,0.49,0.22,0.59,0.42,0.36,uninstantiated,
NS-0312,식당서비스,UNASSIGNED,,0.44,0.45,0.66,0.69,0.44,0.13,0.37,0.56,uninstantiated,
NS-0313,왕실파견감독관,UNASSIGNED,,0.48,0.59,0.37,0.36,0.30,0.33,0.39,0.51,uninstantiated,
NS-0314,시설기숙사관리,UNASSIGNED,,0.44,0.37,0.55,0.67,0.18,0.12,0.39,0.54,uninstantiated,
NS-0315,교수,UNASSIGNED,,0.55,0.53,0.58,0.55,0.21,0.17,0.60,0.42,uninstantiated,
NS-0316,감찰단,UNASSIGNED,,0.32,0.58,0.71,0.17,0.53,0.48,0.42,0.09,uninstantiated,
NS-0317,연구원,UNASSIGNED,,0.76,0.54,0.62,0.43,0.45,0.55,0.65,0.48,uninstantiated,
NS-0318,장내상인,UNASSIGNED,,0.26,0.17,0.69,0.38,0.39,0.76,0.38,0.47,uninstantiated,
NS-0319,시설기숙사관리,UNASSIGNED,,0.30,0.33,0.49,0.43,0.54,0.49,0.27,0.37,uninstantiated,
NS-0320,식당서비스,UNASSIGNED,,0.63,0.62,0.56,0.82,0.28,0.07,0.82,0.79,uninstantiated,
NS-0321,장내상인,UNASSIGNED,,0.54,0.76,0.75,0.31,0.41,0.73,0.56,0.64,uninstantiated,
NS-0322,연구원,UNASSIGNED,,0.79,0.66,0.56,0.51,0.40,0.19,0.62,0.57,uninstantiated,
NS-0323,교수,UNASSIGNED,,0.60,0.53,0.51,0.56,0.35,0.18,0.63,0.30,uninstantiated,
NS-0324,룬공학장인,UNASSIGNED,,0.65,0.99,0.20,0.61,0.33,0.01,0.47,0.19,uninstantiated,
NS-0325,장내상인,UNASSIGNED,,0.65,0.58,0.66,0.75,0.50,0.44,0.49,0.48,uninstantiated,
NS-0326,장내상인,UNASSIGNED,,0.75,0.17,0.81,0.61,0.66,0.60,0.63,0.46,uninstantiated,
NS-0327,감찰단,UNASSIGNED,,0.33,0.43,0.55,0.55,0.52,0.71,0.18,0.45,uninstantiated,
NS-0328,장내상인,UNASSIGNED,,0.75,0.27,0.70,0.55,0.43,0.17,0.70,0.60,uninstantiated,
NS-0329,교수,UNASSIGNED,,0.29,0.66,0.09,0.66,0.20,0.32,0.67,0.07,uninstantiated,
NS-0330,장내상인,UNASSIGNED,,0.56,0.55,0.73,0.52,0.35,0.32,0.52,0.69,uninstantiated,
NS-0331,교수,UNASSIGNED,,0.46,0.79,0.62,0.48,0.43,0.38,0.61,0.42,uninstantiated,
NS-0332,행정직,UNASSIGNED,,0.27,0.64,0.20,0.68,0.49,0.01,0.57,0.01,uninstantiated,
NS-0333,연구원,UNASSIGNED,,0.98,0.38,0.50,0.86,0.68,0.46,0.59,0.46,uninstantiated,
NS-0334,교수,UNASSIGNED,,0.42,0.61,0.52,0.60,0.34,0.35,0.63,0.45,uninstantiated,
NS-0335,시설기숙사관리,UNASSIGNED,,0.53,0.30,0.54,0.63,0.43,0.32,0.38,0.59,uninstantiated,
NS-0336,행정직,UNASSIGNED,,0.26,0.74,0.59,0.43,0.42,0.40,0.41,0.31,uninstantiated,
NS-0337,행정직,UNASSIGNED,,0.28,0.40,0.42,0.76,0.35,0.10,0.30,0.50,uninstantiated,
NS-0338,교수,UNASSIGNED,,0.67,0.48,0.56,0.53,0.63,0.27,0.59,0.44,uninstantiated,
NS-0339,시설기숙사관리,UNASSIGNED,,0.45,0.30,0.27,0.46,0.25,0.25,0.58,0.15,uninstantiated,
NS-0340,교수,UNASSIGNED,,0.62,0.49,0.95,0.25,0.51,0.23,0.52,0.37,uninstantiated,
NS-0341,왕실파견감독관,UNASSIGNED,,0.35,0.49,0.55,0.15,0.51,0.62,0.25,0.49,uninstantiated,
NS-0342,장내상인,UNASSIGNED,,0.89,0.49,0.57,0.72,0.44,0.41,0.54,0.68,uninstantiated,
NS-0343,장내상인,UNASSIGNED,,0.45,0.18,0.64,0.53,0.29,0.29,0.47,0.56,uninstantiated,
NS-0344,연구원,UNASSIGNED,,0.57,0.47,0.42,0.65,0.23,0.26,0.79,0.65,uninstantiated,
NS-0345,교수,UNASSIGNED,,0.74,0.33,0.40,0.88,0.67,0.19,0.58,0.55,uninstantiated,
NS-0346,시설기숙사관리,UNASSIGNED,,0.57,0.41,0.42,0.56,0.48,0.36,0.45,0.47,uninstantiated,
NS-0347,교수,UNASSIGNED,,0.53,0.56,0.48,0.30,0.38,0.27,0.62,0.24,uninstantiated,
NS-0348,교수,UNASSIGNED,,0.71,0.34,0.49,0.41,0.49,0.27,0.50,0.66,uninstantiated,
NS-0349,교수,UNASSIGNED,,0.48,0.82,0.61,0.33,0.59,0.50,0.51,0.43,uninstantiated,
NS-0350,감찰단,UNASSIGNED,,0.41,0.47,0.58,0.47,0.63,0.38,0.31,0.31,uninstantiated,
NS-0351,감찰단,UNASSIGNED,,0.41,0.46,0.40,0.45,0.67,0.69,0.59,0.19,uninstantiated,
NS-0352,장내상인,UNASSIGNED,,0.66,0.86,0.93,0.37,0.48,0.35,0.35,0.58,uninstantiated,
NS-0353,시설기숙사관리,UNASSIGNED,,0.34,0.44,0.41,0.37,0.28,0.21,0.53,0.11,uninstantiated,
NS-0354,감찰단,UNASSIGNED,,0.52,0.36,0.67,0.39,0.98,0.72,0.34,0.45,uninstantiated,
NS-0355,행정직,UNASSIGNED,,0.47,0.58,0.29,0.84,0.67,0.26,0.43,0.14,uninstantiated,
NS-0356,교수,UNASSIGNED,,0.60,0.34,0.56,0.36,0.73,0.60,0.67,0.42,uninstantiated,
NS-0357,감찰단,UNASSIGNED,,0.70,0.59,0.08,0.38,0.59,0.47,0.47,0.11,uninstantiated,
NS-0358,룬공학장인,UNASSIGNED,,0.77,0.76,0.23,0.60,0.65,0.09,0.56,0.22,uninstantiated,
NS-0359,행정직,UNASSIGNED,,0.25,0.57,0.57,0.50,0.14,0.24,0.44,0.33,uninstantiated,
NS-0360,교수,UNASSIGNED,,0.49,0.51,0.49,0.45,0.39,0.30,0.55,0.37,uninstantiated,
NS-0361,교수,UNASSIGNED,,0.54,0.65,0.47,0.48,0.49,0.09,0.49,0.62,uninstantiated,
NS-0362,행정직,UNASSIGNED,,0.20,0.65,0.52,0.56,0.64,0.27,0.19,0.49,uninstantiated,
NS-0363,시설기숙사관리,UNASSIGNED,,0.20,0.23,0.57,0.55,0.50,0.61,0.18,0.44,uninstantiated,
NS-0364,교수,UNASSIGNED,,0.47,0.68,0.69,0.63,0.42,0.28,0.72,0.46,uninstantiated,
NS-0365,식당서비스,UNASSIGNED,,0.17,0.70,0.74,0.66,0.31,0.02,0.46,0.59,uninstantiated,
NS-0366,교수,UNASSIGNED,,0.67,0.72,0.80,0.40,0.43,0.10,0.70,0.68,uninstantiated,
NS-0367,교수,UNASSIGNED,,0.68,0.58,0.32,0.62,0.57,0.49,0.54,0.20,uninstantiated,
NS-0368,서약원파견관,UNASSIGNED,,0.57,0.61,0.47,0.80,0.31,0.12,0.51,0.43,uninstantiated,
NS-0369,교수,UNASSIGNED,,0.44,0.57,0.68,0.30,0.23,0.27,0.74,0.22,uninstantiated,
NS-0370,감찰단,UNASSIGNED,,0.18,0.58,0.32,0.48,0.59,0.28,0.33,0.37,uninstantiated,
NS-0371,행정직,UNASSIGNED,,0.43,0.61,0.47,0.66,0.56,0.02,0.43,0.64,uninstantiated,
NS-0372,장내상인,UNASSIGNED,,0.43,0.54,0.71,0.62,0.22,0.46,0.67,0.54,uninstantiated,
NS-0373,교수,UNASSIGNED,,0.67,0.39,0.77,0.72,0.52,0.25,0.46,0.25,uninstantiated,
NS-0374,왕실파견감독관,UNASSIGNED,,0.58,0.53,0.64,0.49,0.51,0.55,0.46,0.53,uninstantiated,
NS-0375,교수,UNASSIGNED,,0.71,0.47,0.41,0.35,0.28,0.34,0.59,0.28,uninstantiated,
NS-0376,식당서비스,UNASSIGNED,,0.22,0.69,0.85,0.79,0.18,0.38,0.50,0.47,uninstantiated,
NS-0377,교수,UNASSIGNED,,0.68,0.81,0.44,0.57,0.11,0.15,0.74,0.53,uninstantiated,
NS-0378,교수,UNASSIGNED,,0.60,0.39,0.56,0.28,0.57,0.60,0.75,0.43,uninstantiated,
NS-0379,교수,UNASSIGNED,,0.73,0.44,0.32,0.18,0.42,0.53,0.60,0.26,uninstantiated,
NS-0380,시설기숙사관리,UNASSIGNED,,0.45,0.31,0.60,0.47,0.28,0.46,0.15,0.39,uninstantiated,
NS-0381,교수,UNASSIGNED,,0.45,0.75,0.63,0.53,0.58,0.34,0.58,0.40,uninstantiated,
NS-0382,감찰단,UNASSIGNED,,0.34,0.58,0.55,0.47,0.55,0.31,0.44,0.29,uninstantiated,
NS-0383,감찰단,UNASSIGNED,,0.41,0.66,0.62,0.05,0.68,0.82,0.46,0.15,uninstantiated,
NS-0384,행정직,UNASSIGNED,,0.01,0.47,0.70,0.50,0.21,0.20,0.36,0.40,uninstantiated,
NS-0385,서약원파견관,UNASSIGNED,,0.35,0.74,0.17,0.74,0.46,0.11,0.49,0.26,uninstantiated,
NS-0386,시설기숙사관리,UNASSIGNED,,0.34,0.47,0.34,0.70,0.60,0.26,0.40,0.26,uninstantiated,
NS-0387,행정직,UNASSIGNED,,0.24,0.50,0.36,0.77,0.23,0.21,0.50,0.16,uninstantiated,
NS-0388,연구원,UNASSIGNED,,0.84,0.56,0.31,0.43,0.33,0.20,0.59,0.51,uninstantiated,
NS-0389,감찰단,UNASSIGNED,,0.32,0.59,0.30,0.18,0.40,0.44,0.31,0.01,uninstantiated,
NS-0390,시설기숙사관리,UNASSIGNED,,0.23,0.44,0.36,0.40,0.83,0.42,0.69,0.13,uninstantiated,
NS-0391,감찰단,UNASSIGNED,,0.56,0.61,0.20,0.44,0.51,0.04,0.44,0.15,uninstantiated,
NS-0392,행정직,UNASSIGNED,,0.37,0.72,0.30,0.50,0.36,0.21,0.52,0.30,uninstantiated,
NS-0393,감찰단,UNASSIGNED,,0.58,0.46,0.47,0.51,0.34,0.13,0.34,0.50,uninstantiated,
NS-0394,교수,UNASSIGNED,,0.64,0.61,0.50,0.48,0.61,0.06,0.58,0.52,uninstantiated,
NS-0395,교수,UNASSIGNED,,0.51,0.52,0.54,0.84,0.23,0.16,0.44,0.39,uninstantiated,
NS-0396,장내상인,UNASSIGNED,,0.69,0.25,0.56,0.82,0.56,0.36,0.45,0.57,uninstantiated,
NS-0397,교수,UNASSIGNED,,0.58,0.47,0.53,0.51,0.33,0.38,0.68,0.47,uninstantiated,
NS-0398,교수,UNASSIGNED,,0.50,0.60,0.38,0.41,0.23,0.35,0.61,0.12,uninstantiated,
NS-0399,식당서비스,UNASSIGNED,,0.62,0.66,0.56,0.71,0.49,0.01,0.67,0.70,uninstantiated,
NS-0400,감찰단,UNASSIGNED,,0.62,0.62,0.50,0.46,0.87,0.18,0.29,0.09,uninstantiated,
NS-0401,장내상인,UNASSIGNED,,0.47,0.46,0.60,0.59,0.22,0.56,0.75,0.55,uninstantiated,
NS-0402,교수,UNASSIGNED,,0.75,0.55,0.32,0.75,0.58,0.03,0.45,0.40,uninstantiated,
NS-0403,교수,UNASSIGNED,,0.32,0.87,0.64,0.55,0.76,0.38,0.69,0.36,uninstantiated,
NS-0404,교수,UNASSIGNED,,0.58,0.57,0.40,0.65,0.56,0.14,0.67,0.27,uninstantiated,
NS-0405,교수,UNASSIGNED,,0.55,0.44,0.54,0.54,0.23,0.29,0.61,0.59,uninstantiated,
NS-0406,행정직,UNASSIGNED,,0.29,0.67,0.05,0.58,0.38,0.06,0.34,0.01,uninstantiated,
NS-0407,연구원,UNASSIGNED,,0.79,0.49,0.64,0.48,0.49,0.43,0.64,0.48,uninstantiated,
NS-0408,교수,UNASSIGNED,,0.68,0.49,0.70,0.38,0.52,0.43,0.50,0.40,uninstantiated,
NS-0409,교수,UNASSIGNED,,0.72,0.68,0.86,0.42,0.22,0.24,0.69,0.51,uninstantiated,
NS-0410,교수,UNASSIGNED,,0.37,0.68,0.61,0.57,0.27,0.07,0.49,0.50,uninstantiated,
NS-0411,식당서비스,UNASSIGNED,,0.69,0.36,0.73,0.99,0.54,0.25,0.30,0.72,uninstantiated,
NS-0412,연구원,UNASSIGNED,,0.65,0.49,0.19,0.45,0.27,0.07,0.71,0.26,uninstantiated,
NS-0413,행정직,UNASSIGNED,,0.29,0.86,0.57,0.61,0.41,0.25,0.51,0.48,uninstantiated,
NS-0414,교수,UNASSIGNED,,0.52,0.73,0.51,0.64,0.43,0.59,0.52,0.40,uninstantiated,
NS-0415,시설기숙사관리,UNASSIGNED,,0.49,0.33,0.16,0.51,0.48,0.52,0.35,0.12,uninstantiated,
NS-0416,왕실파견감독관,UNASSIGNED,,0.32,0.56,0.53,0.18,0.31,0.53,0.49,0.32,uninstantiated,
NS-0417,감찰단,UNASSIGNED,,0.62,0.64,0.31,0.58,0.65,0.24,0.44,0.23,uninstantiated,
NS-0418,감찰단,UNASSIGNED,,0.69,0.55,0.44,0.44,0.55,0.04,0.28,0.26,uninstantiated,
NS-0419,서약원파견관,UNASSIGNED,,0.59,0.68,0.54,0.69,0.49,0.01,0.64,0.47,uninstantiated,
NS-0420,교수,UNASSIGNED,,0.69,0.72,0.38,0.24,0.75,0.59,0.65,0.28,uninstantiated,
NS-0421,시설기숙사관리,UNASSIGNED,,0.60,0.28,0.39,0.68,0.42,0.16,0.46,0.18,uninstantiated,
NS-0422,감찰단,UNASSIGNED,,0.46,0.81,0.33,0.41,0.51,0.15,0.40,0.02,uninstantiated,
NS-0423,교수,UNASSIGNED,,0.62,0.65,0.68,0.58,0.56,0.27,0.60,0.52,uninstantiated,
NS-0424,시설기숙사관리,UNASSIGNED,,0.50,0.58,0.54,0.59,0.61,0.14,0.32,0.26,uninstantiated,
NS-0425,교수,UNASSIGNED,,0.65,0.58,0.37,0.56,0.46,0.06,0.45,0.39,uninstantiated,
NS-0426,서약원파견관,UNASSIGNED,,0.58,0.95,0.43,0.62,0.66,0.16,0.53,0.40,uninstantiated,
NS-0427,룬공학장인,UNASSIGNED,,0.57,0.97,0.45,0.61,0.33,0.01,0.79,0.18,uninstantiated,
NS-0428,행정직,UNASSIGNED,,0.49,0.61,0.67,0.60,0.70,0.22,0.46,0.21,uninstantiated,
NS-0429,장내상인,UNASSIGNED,,0.53,0.51,0.99,0.62,0.34,0.21,0.50,0.88,uninstantiated,
NS-0430,장내상인,UNASSIGNED,,0.43,0.41,0.69,0.49,0.49,0.47,0.70,0.51,uninstantiated,
NS-0431,교수,UNASSIGNED,,0.54,0.69,0.37,0.37,0.51,0.27,0.59,0.23,uninstantiated,
NS-0432,교수,UNASSIGNED,,0.66,0.63,0.37,0.67,0.34,0.14,0.66,0.25,uninstantiated,
NS-0433,장내상인,UNASSIGNED,,0.46,0.41,0.75,0.66,0.58,0.44,0.41,0.42,uninstantiated,
NS-0434,룬공학장인,UNASSIGNED,,0.77,0.99,0.21,0.42,0.36,0.11,0.67,0.09,uninstantiated,
NS-0435,감찰단,UNASSIGNED,,0.40,0.39,0.47,0.34,0.53,0.39,0.12,0.46,uninstantiated,
NS-0436,교수,UNASSIGNED,,0.56,0.65,0.61,0.65,0.40,0.29,0.71,0.35,uninstantiated,
NS-0437,룬공학장인,UNASSIGNED,,0.93,0.61,0.18,0.38,0.16,0.31,0.79,0.51,uninstantiated,
NS-0438,서약원파견관,UNASSIGNED,,0.55,0.55,0.44,0.89,0.57,0.14,0.51,0.32,uninstantiated,
NS-0439,교수,UNASSIGNED,,0.68,0.41,0.34,0.56,0.50,0.31,0.52,0.21,uninstantiated,
NS-0440,행정직,UNASSIGNED,,0.22,0.54,0.52,0.51,0.32,0.18,0.50,0.32,uninstantiated,
NS-0441,시설기숙사관리,UNASSIGNED,,0.45,0.54,0.54,0.65,0.66,0.17,0.27,0.01,uninstantiated,
NS-0442,시설기숙사관리,UNASSIGNED,,0.50,0.49,0.60,0.65,0.39,0.38,0.44,0.45,uninstantiated,
NS-0443,식당서비스,UNASSIGNED,,0.69,0.74,0.75,0.85,0.31,0.18,0.55,0.55,uninstantiated,
NS-0444,연구원,UNASSIGNED,,0.55,0.57,0.50,0.44,0.20,0.34,0.80,0.55,uninstantiated,
NS-0445,교수,UNASSIGNED,,0.57,0.44,0.54,0.42,0.27,0.38,0.65,0.19,uninstantiated,
NS-0446,식당서비스,UNASSIGNED,,0.59,0.60,0.62,0.92,0.52,0.16,0.30,0.64,uninstantiated,
NS-0447,시설기숙사관리,UNASSIGNED,,0.64,0.39,0.29,0.82,0.30,0.25,0.36,0.52,uninstantiated,
NS-0448,왕실파견감독관,UNASSIGNED,,0.36,0.56,0.50,0.40,0.42,0.48,0.44,0.53,uninstantiated,
NS-0449,교수,UNASSIGNED,,0.77,0.43,0.27,0.71,0.56,0.37,0.51,0.33,uninstantiated,
NS-0450,시설기숙사관리,UNASSIGNED,,0.44,0.30,0.39,0.54,0.68,0.38,0.21,0.45,uninstantiated,
NS-0451,감찰단,UNASSIGNED,,0.36,0.56,0.64,0.15,0.66,0.73,0.66,0.13,uninstantiated,
NS-0452,행정직,UNASSIGNED,,0.34,0.63,0.56,0.73,0.57,0.26,0.50,0.47,uninstantiated,
NS-0453,시설기숙사관리,UNASSIGNED,,0.12,0.44,0.54,0.52,0.56,0.47,0.37,0.22,uninstantiated,
NS-0454,교수,UNASSIGNED,,0.69,0.67,0.48,0.24,0.39,0.40,0.53,0.14,uninstantiated,
NS-0455,교수,UNASSIGNED,,0.62,0.38,0.63,0.70,0.49,0.33,0.62,0.33,uninstantiated,
NS-0456,장내상인,UNASSIGNED,,0.01,0.35,0.86,0.46,0.11,0.28,0.26,0.55,uninstantiated,
NS-0457,교수,UNASSIGNED,,0.77,0.57,0.72,0.60,0.55,0.41,0.60,0.39,uninstantiated,
NS-0458,장내상인,UNASSIGNED,,0.62,0.69,0.93,0.72,0.19,0.62,0.75,0.71,uninstantiated,
NS-0459,교수,UNASSIGNED,,0.63,0.76,0.74,0.48,0.68,0.28,0.39,0.18,uninstantiated,
NS-0460,룬공학장인,UNASSIGNED,,0.72,0.99,0.38,0.46,0.41,0.17,0.93,0.02,uninstantiated,
NS-0461,시설기숙사관리,UNASSIGNED,,0.46,0.42,0.02,0.48,0.54,0.23,0.45,0.35,uninstantiated,
NS-0462,의료진,UNASSIGNED,,0.46,0.90,0.52,0.77,0.52,0.04,0.76,0.49,uninstantiated,
NS-0463,장내상인,UNASSIGNED,,0.70,0.62,0.77,0.56,0.56,0.55,0.48,0.36,uninstantiated,
NS-0464,식당서비스,UNASSIGNED,,0.62,0.52,0.59,0.93,0.42,0.04,0.46,0.50,uninstantiated,
NS-0465,식당서비스,UNASSIGNED,,0.63,0.78,0.73,0.55,0.04,0.10,0.55,0.72,uninstantiated,
NS-0466,장내상인,UNASSIGNED,,0.64,0.19,0.78,0.58,0.65,0.22,0.49,0.59,uninstantiated,
NS-0467,시설기숙사관리,UNASSIGNED,,0.39,0.31,0.57,0.54,0.38,0.25,0.42,0.46,uninstantiated,
NS-0468,의료진,UNASSIGNED,,0.57,0.99,0.67,0.73,0.62,0.01,0.60,0.56,uninstantiated,
NS-0469,교수,UNASSIGNED,,0.82,0.54,0.15,0.52,0.62,0.36,0.47,0.14,uninstantiated,
NS-0470,시설기숙사관리,UNASSIGNED,,0.38,0.54,0.40,0.81,0.60,0.62,0.28,0.33,uninstantiated,
NS-0471,교수,UNASSIGNED,,0.67,0.68,0.51,0.58,0.26,0.14,0.64,0.45,uninstantiated,
NS-0472,행정직,UNASSIGNED,,0.16,0.60,0.58,0.76,0.75,0.02,0.30,0.28,uninstantiated,
NS-0473,시설기숙사관리,UNASSIGNED,,0.83,0.40,0.46,0.63,0.93,0.51,0.46,0.29,uninstantiated,
NS-0474,룬공학장인,UNASSIGNED,,0.82,0.76,0.45,0.40,0.61,0.19,0.87,0.35,uninstantiated,
NS-0475,행정직,UNASSIGNED,,0.35,0.53,0.50,0.82,0.41,0.37,0.45,0.41,uninstantiated,
NS-0476,행정직,UNASSIGNED,,0.11,0.66,0.39,0.56,0.45,0.21,0.54,0.12,uninstantiated,
NS-0477,감찰단,UNASSIGNED,,0.50,0.70,0.24,0.46,0.59,0.17,0.45,0.33,uninstantiated,
NS-0478,시설기숙사관리,UNASSIGNED,,0.44,0.30,0.64,0.74,0.46,0.28,0.46,0.35,uninstantiated,
NS-0479,행정직,UNASSIGNED,,0.20,0.69,0.22,0.60,0.31,0.28,0.43,0.21,uninstantiated,
NS-0480,감찰단,UNASSIGNED,,0.34,0.49,0.49,0.44,0.58,0.34,0.19,0.28,uninstantiated,
NS-0481,교수,UNASSIGNED,,0.47,0.74,0.57,0.43,0.31,0.19,0.75,0.46,uninstantiated,
NS-0482,감찰단,UNASSIGNED,,0.25,0.62,0.46,0.15,0.37,0.39,0.40,0.01,uninstantiated,
NS-0483,감찰단,UNASSIGNED,,0.39,0.84,0.21,0.30,0.67,0.12,0.59,0.26,uninstantiated,
NS-0484,교수,UNASSIGNED,,0.79,0.44,0.41,0.65,0.05,0.23,0.57,0.41,uninstantiated,
NS-0485,식당서비스,UNASSIGNED,,0.21,0.52,0.80,0.48,0.49,0.12,0.37,0.63,uninstantiated,
NS-0486,룬공학장인,UNASSIGNED,,0.75,0.93,0.42,0.55,0.80,0.16,0.56,0.21,uninstantiated,
NS-0487,교수,UNASSIGNED,,0.28,0.74,0.34,0.57,0.43,0.32,0.63,0.26,uninstantiated,
NS-0488,장내상인,UNASSIGNED,,0.38,0.40,0.57,0.72,0.45,0.32,0.47,0.71,uninstantiated,
NS-0489,교수,UNASSIGNED,,0.56,0.67,0.35,0.68,0.62,0.29,0.59,0.26,uninstantiated,
NS-0490,연구원,UNASSIGNED,,0.99,0.51,0.44,0.68,0.62,0.24,0.86,0.60,uninstantiated,
NS-0491,교수,UNASSIGNED,,0.45,0.50,0.62,0.41,0.40,0.54,0.63,0.44,uninstantiated,
NS-0492,연구원,UNASSIGNED,,0.57,0.74,0.41,0.24,0.13,0.41,0.72,0.43,uninstantiated,
NS-0493,시설기숙사관리,UNASSIGNED,,0.32,0.35,0.49,0.35,0.34,0.47,0.21,0.39,uninstantiated,
NS-0494,장내상인,UNASSIGNED,,0.41,0.50,0.76,0.66,0.47,0.44,0.39,0.62,uninstantiated,
NS-0495,시설기숙사관리,UNASSIGNED,,0.47,0.50,0.58,0.65,0.31,0.36,0.39,0.37,uninstantiated,
NS-0496,시설기숙사관리,UNASSIGNED,,0.56,0.22,0.56,0.68,0.42,0.26,0.55,0.34,uninstantiated,
NS-0497,연구원,UNASSIGNED,,0.88,0.42,0.56,0.54,0.45,0.12,0.66,0.40,uninstantiated,
NS-0498,식당서비스,UNASSIGNED,,0.53,0.59,0.67,0.78,0.47,0.27,0.38,0.50,uninstantiated,
NS-0499,교수,UNASSIGNED,,0.70,0.45,0.66,0.42,0.67,0.51,0.52,0.41,uninstantiated,
NS-0500,교수,UNASSIGNED,,0.95,0.55,0.13,0.46,0.69,0.46,0.46,0.34,uninstantiated,
NS-0501,식당서비스,UNASSIGNED,,0.65,0.61,0.70,0.63,0.69,0.17,0.57,0.64,uninstantiated,
NS-0502,의료진,UNASSIGNED,,0.72,0.83,0.58,0.70,0.41,0.01,0.49,0.32,uninstantiated,
NS-0503,교수,UNASSIGNED,,0.44,0.86,0.56,0.69,0.49,0.23,0.65,0.27,uninstantiated,
NS-0504,교수,UNASSIGNED,,0.44,0.57,0.78,0.64,0.16,0.22,0.60,0.37,uninstantiated,
NS-0505,룬공학장인,UNASSIGNED,,0.51,0.87,0.48,0.24,0.81,0.11,0.79,0.52,uninstantiated,
NS-0506,연구원,UNASSIGNED,,0.67,0.56,0.45,0.73,0.37,0.23,0.71,0.47,uninstantiated,
NS-0507,연구원,UNASSIGNED,,0.76,0.66,0.56,0.57,0.44,0.01,0.61,0.52,uninstantiated,
NS-0508,교수,UNASSIGNED,,0.74,0.42,0.23,0.65,0.58,0.11,0.66,0.12,uninstantiated,
NS-0509,교수,UNASSIGNED,,0.64,0.64,0.46,0.68,0.46,0.40,0.42,0.40,uninstantiated,
NS-0510,장내상인,UNASSIGNED,,0.46,0.52,0.88,0.26,0.56,0.77,0.35,0.57,uninstantiated,
NS-0511,감찰단,UNASSIGNED,,0.25,0.55,0.44,0.20,0.54,0.26,0.42,0.23,uninstantiated,
NS-0512,식당서비스,UNASSIGNED,,0.48,0.21,0.67,0.79,0.74,0.32,0.11,0.61,uninstantiated,
NS-0513,식당서비스,UNASSIGNED,,0.61,0.58,0.76,0.84,0.67,0.25,0.56,0.83,uninstantiated,
NS-0514,감찰단,UNASSIGNED,,0.38,0.60,0.60,0.24,0.55,0.71,0.32,0.22,uninstantiated,
NS-0515,연구원,UNASSIGNED,,0.96,0.68,0.79,0.58,0.46,0.19,0.77,0.43,uninstantiated,
NS-0516,시설기숙사관리,UNASSIGNED,,0.62,0.43,0.35,0.77,0.72,0.18,0.36,0.20,uninstantiated,
NS-0517,행정직,UNASSIGNED,,0.37,0.73,0.50,0.61,0.55,0.47,0.55,0.56,uninstantiated,
NS-0518,장내상인,UNASSIGNED,,0.73,0.58,0.77,0.60,0.58,0.26,0.62,0.67,uninstantiated,
NS-0519,교수,UNASSIGNED,,0.40,0.94,0.60,0.67,0.18,0.20,0.81,0.43,uninstantiated,
NS-0520,감찰단,UNASSIGNED,,0.40,0.78,0.57,0.22,0.66,0.19,0.50,0.30,uninstantiated,
NS-0521,행정직,UNASSIGNED,,0.45,0.81,0.50,0.58,0.68,0.22,0.44,0.19,uninstantiated,
NS-0522,시설기숙사관리,UNASSIGNED,,0.39,0.40,0.48,0.69,0.23,0.01,0.43,0.57,uninstantiated,
NS-0523,행정직,UNASSIGNED,,0.25,0.71,0.41,0.48,0.14,0.04,0.32,0.30,uninstantiated,
NS-0524,감찰단,UNASSIGNED,,0.43,0.57,0.69,0.42,0.77,0.56,0.50,0.34,uninstantiated,
NS-0525,장내상인,UNASSIGNED,,0.43,0.45,0.80,0.59,0.37,0.33,0.56,0.63,uninstantiated,
NS-0526,교수,UNASSIGNED,,0.52,0.80,0.78,0.41,0.46,0.27,0.91,0.44,uninstantiated,
NS-0527,시설기숙사관리,UNASSIGNED,,0.57,0.40,0.51,0.55,0.68,0.26,0.39,0.34,uninstantiated,
NS-0528,교수,UNASSIGNED,,0.77,0.51,0.48,0.66,0.36,0.19,0.60,0.46,uninstantiated,
NS-0529,감찰단,UNASSIGNED,,0.66,0.56,0.35,0.39,0.73,0.42,0.46,0.38,uninstantiated,
NS-0530,교수,UNASSIGNED,,0.52,0.85,0.43,0.60,0.90,0.41,0.57,0.47,uninstantiated,
NS-0531,장내상인,UNASSIGNED,,0.36,0.25,0.75,0.41,0.47,0.08,0.42,0.57,uninstantiated,
NS-0532,감찰단,UNASSIGNED,,0.44,0.62,0.35,0.52,0.55,0.15,0.48,0.39,uninstantiated,
NS-0533,감찰단,UNASSIGNED,,0.37,0.45,0.46,0.31,0.39,0.42,0.57,0.32,uninstantiated,
NS-0534,시설기숙사관리,UNASSIGNED,,0.57,0.50,0.47,0.55,0.35,0.26,0.46,0.31,uninstantiated,
NS-0535,룬공학장인,UNASSIGNED,,0.67,0.81,0.44,0.63,0.43,0.22,0.79,0.47,uninstantiated,
NS-0536,연구원,UNASSIGNED,,0.62,0.84,0.61,0.25,0.55,0.40,0.69,0.39,uninstantiated,
NS-0537,교수,UNASSIGNED,,0.77,0.53,0.70,0.43,0.20,0.26,0.66,0.36,uninstantiated,
NS-0538,교수,UNASSIGNED,,0.58,0.27,0.48,0.77,0.13,0.12,0.48,0.47,uninstantiated,
NS-0539,시설기숙사관리,UNASSIGNED,,0.32,0.39,0.51,0.49,0.72,0.38,0.66,0.30,uninstantiated,
NS-0540,교수,UNASSIGNED,,0.72,0.65,0.55,0.62,0.31,0.37,0.56,0.40,uninstantiated,
NS-0541,식당서비스,UNASSIGNED,,0.70,0.38,0.67,0.75,0.51,0.17,0.60,0.73,uninstantiated,
NS-0542,시설기숙사관리,UNASSIGNED,,0.52,0.64,0.01,0.60,0.45,0.15,0.43,0.24,uninstantiated,
NS-0543,연구원,UNASSIGNED,,0.54,0.69,0.51,0.36,0.44,0.35,0.79,0.56,uninstantiated,
NS-0544,교수,UNASSIGNED,,0.56,0.59,0.55,0.73,0.27,0.40,0.70,0.51,uninstantiated,
NS-0545,교수,UNASSIGNED,,0.58,0.79,0.21,0.58,0.36,0.09,0.53,0.28,uninstantiated,
NS-0546,교수,UNASSIGNED,,0.48,0.42,0.49,0.86,0.24,0.30,0.58,0.34,uninstantiated,
NS-0547,장내상인,UNASSIGNED,,0.34,0.35,0.83,0.47,0.47,0.63,0.43,0.52,uninstantiated,
NS-0548,행정직,UNASSIGNED,,0.48,0.41,0.48,0.97,0.72,0.20,0.38,0.38,uninstantiated,
NS-0549,감찰단,UNASSIGNED,,0.40,0.68,0.37,0.25,0.65,0.36,0.56,0.03,uninstantiated,
NS-0550,룬공학장인,UNASSIGNED,,0.76,0.75,0.44,0.52,0.60,0.20,0.70,0.27,uninstantiated,
NS-0551,시설기숙사관리,UNASSIGNED,,0.62,0.50,0.23,0.57,0.66,0.25,0.54,0.21,uninstantiated,
NS-0552,행정직,UNASSIGNED,,0.33,0.68,0.58,0.68,0.63,0.38,0.46,0.41,uninstantiated,
NS-0553,시설기숙사관리,UNASSIGNED,,0.42,0.30,0.42,0.70,0.37,0.30,0.48,0.47,uninstantiated,
NS-0554,장내상인,UNASSIGNED,,0.43,0.26,0.84,0.69,0.61,0.44,0.43,0.46,uninstantiated,
NS-0555,연구원,UNASSIGNED,,0.72,0.67,0.48,0.52,0.39,0.07,0.65,0.48,uninstantiated,
NS-0556,룬공학장인,UNASSIGNED,,0.99,0.66,0.44,0.63,0.29,0.01,0.69,0.45,uninstantiated,
NS-0557,연구원,UNASSIGNED,,0.82,0.46,0.61,0.73,0.54,0.58,0.84,0.09,uninstantiated,
NS-0558,감찰단,UNASSIGNED,,0.57,0.57,0.51,0.45,0.39,0.28,0.42,0.34,uninstantiated,
NS-0559,연구원,UNASSIGNED,,0.82,0.55,0.38,0.46,0.67,0.22,0.66,0.48,uninstantiated,
NS-0560,교수,UNASSIGNED,,0.67,0.67,0.47,0.65,0.35,0.39,0.60,0.18,uninstantiated,
NS-0561,교수,UNASSIGNED,,0.50,0.73,0.68,0.38,0.32,0.35,0.81,0.47,uninstantiated,
NS-0562,서약원파견관,UNASSIGNED,,0.57,0.86,0.18,0.60,0.22,0.16,0.53,0.51,uninstantiated,
NS-0563,시설기숙사관리,UNASSIGNED,,0.44,0.51,0.44,0.46,0.47,0.31,0.37,0.23,uninstantiated,
NS-0564,시설기숙사관리,UNASSIGNED,,0.45,0.32,0.66,0.68,0.62,0.31,0.29,0.45,uninstantiated,
NS-0565,감찰단,UNASSIGNED,,0.27,0.62,0.64,0.37,0.47,0.35,0.47,0.20,uninstantiated,
NS-0566,장내상인,UNASSIGNED,,0.53,0.88,0.87,0.27,0.92,0.25,0.38,0.62,uninstantiated,
NS-0567,감찰단,UNASSIGNED,,0.39,0.74,0.69,0.38,0.56,0.35,0.44,0.38,uninstantiated,
NS-0568,행정직,UNASSIGNED,,0.53,0.66,0.56,0.75,0.48,0.23,0.29,0.43,uninstantiated,
NS-0569,장내상인,UNASSIGNED,,0.52,0.76,0.62,0.67,0.35,0.45,0.64,0.65,uninstantiated,
NS-0570,시설기숙사관리,UNASSIGNED,,0.36,0.47,0.41,0.68,0.65,0.30,0.34,0.40,uninstantiated,
NS-0571,서약원파견관,UNASSIGNED,,0.52,0.81,0.77,0.59,0.32,0.01,0.44,0.39,uninstantiated,
NS-0572,연구원,UNASSIGNED,,0.83,0.56,0.54,0.49,0.31,0.26,0.81,0.39,uninstantiated,
NS-0573,서약원파견관,UNASSIGNED,,0.29,0.68,0.38,0.99,0.27,0.43,0.33,0.44,uninstantiated,
NS-0574,행정직,UNASSIGNED,,0.32,0.66,0.80,0.56,0.57,0.46,0.57,0.36,uninstantiated,
NS-0575,시설기숙사관리,UNASSIGNED,,0.22,0.45,0.33,0.23,0.49,0.31,0.25,0.01,uninstantiated,
NS-0576,시설기숙사관리,UNASSIGNED,,0.15,0.35,0.42,0.41,0.54,0.51,0.49,0.27,uninstantiated,
NS-0577,의료진,UNASSIGNED,,0.61,0.72,0.66,0.74,0.47,0.07,0.72,0.26,uninstantiated,
NS-0578,교수,UNASSIGNED,,0.60,0.66,0.55,0.48,0.41,0.07,0.46,0.65,uninstantiated,
NS-0579,감찰단,UNASSIGNED,,0.40,0.64,0.50,0.44,0.35,0.24,0.39,0.40,uninstantiated,
NS-0580,행정직,UNASSIGNED,,0.33,0.74,0.53,0.40,0.62,0.35,0.54,0.17,uninstantiated,
NS-0581,시설기숙사관리,UNASSIGNED,,0.45,0.33,0.70,0.46,0.40,0.13,0.41,0.39,uninstantiated,
NS-0582,교수,UNASSIGNED,,0.56,0.76,0.52,0.35,0.57,0.16,0.55,0.07,uninstantiated,
NS-0583,교수,UNASSIGNED,,0.46,0.89,0.52,0.17,0.53,0.37,0.73,0.14,uninstantiated,
NS-0584,룬공학장인,UNASSIGNED,,0.90,0.84,0.85,0.38,0.63,0.29,0.65,0.66,uninstantiated,
NS-0585,왕실파견감독관,UNASSIGNED,,0.42,0.61,0.29,0.44,0.35,0.32,0.51,0.60,uninstantiated,
NS-0586,연구원,UNASSIGNED,,0.71,0.71,0.57,0.32,0.41,0.15,0.77,0.52,uninstantiated,
NS-0587,식당서비스,UNASSIGNED,,0.42,0.72,0.73,0.73,0.33,0.29,0.67,0.49,uninstantiated,
NS-0588,장내상인,UNASSIGNED,,0.06,0.27,0.78,0.48,0.33,0.26,0.26,0.43,uninstantiated,
NS-0589,룬공학장인,UNASSIGNED,,0.85,0.79,0.52,0.50,0.45,0.47,0.69,0.29,uninstantiated,
NS-0590,서약원파견관,UNASSIGNED,,0.59,0.84,0.60,0.67,0.68,0.01,0.39,0.67,uninstantiated,
NS-0591,왕실파견감독관,UNASSIGNED,,0.34,0.70,0.47,0.12,0.09,0.18,0.38,0.34,uninstantiated,
NS-0592,행정직,UNASSIGNED,,0.37,0.66,0.54,0.58,0.82,0.39,0.48,0.59,uninstantiated,
NS-0593,왕실파견감독관,UNASSIGNED,,0.32,0.57,0.57,0.42,0.48,0.61,0.42,0.56,uninstantiated,
NS-0594,의료진,UNASSIGNED,,0.26,0.81,0.40,0.90,0.46,0.11,0.51,0.07,uninstantiated,
NS-0595,연구원,UNASSIGNED,,0.74,0.56,0.51,0.45,0.49,0.41,0.74,0.32,uninstantiated,
NS-0596,감찰단,UNASSIGNED,,0.61,0.44,0.50,0.45,0.88,0.44,0.31,0.22,uninstantiated,
NS-0597,교수,UNASSIGNED,,0.53,0.83,0.48,0.59,0.23,0.01,0.61,0.40,uninstantiated,
NS-0598,장내상인,UNASSIGNED,,0.47,0.61,0.81,0.59,0.72,0.29,0.52,0.45,uninstantiated,
NS-0599,서약원파견관,UNASSIGNED,,0.67,0.85,0.51,0.96,0.38,0.01,0.61,0.87,uninstantiated,
NS-0600,식당서비스,UNASSIGNED,,0.41,0.36,0.94,0.69,0.41,0.16,0.64,0.46,uninstantiated,
NS-0601,연구원,UNASSIGNED,,0.77,0.69,0.87,0.29,0.42,0.46,0.79,0.59,uninstantiated,
NS-0602,장내상인,UNASSIGNED,,0.47,0.23,0.71,0.50,0.60,0.29,0.43,0.56,uninstantiated,
NS-0603,연구원,UNASSIGNED,,0.97,0.51,0.44,0.57,0.65,0.35,0.90,0.40,uninstantiated,
NS-0604,식당서비스,UNASSIGNED,,0.45,0.46,0.71,0.61,0.10,0.06,0.34,0.58,uninstantiated,
NS-0605,교수,UNASSIGNED,,0.33,0.83,0.59,0.42,0.44,0.32,0.52,0.21,uninstantiated,
NS-0606,교수,UNASSIGNED,,0.55,0.70,0.28,0.41,0.52,0.20,0.60,0.27,uninstantiated,
NS-0607,감찰단,UNASSIGNED,,0.53,0.67,0.30,0.61,0.67,0.45,0.41,0.32,uninstantiated,
NS-0608,교수,UNASSIGNED,,0.64,0.59,0.50,0.41,0.46,0.38,0.61,0.44,uninstantiated,
NS-0609,교수,UNASSIGNED,,0.78,0.55,0.36,0.47,0.51,0.48,0.47,0.43,uninstantiated,
NS-0610,교수,UNASSIGNED,,0.48,0.65,0.61,0.70,0.73,0.16,0.59,0.58,uninstantiated,
NS-0611,연구원,UNASSIGNED,,0.73,0.41,0.36,0.54,0.39,0.29,0.71,0.53,uninstantiated,
NS-0612,감찰단,UNASSIGNED,,0.35,0.49,0.43,0.44,0.41,0.19,0.47,0.35,uninstantiated,
NS-0613,식당서비스,UNASSIGNED,,0.76,0.60,0.96,0.58,0.42,0.26,0.43,0.47,uninstantiated,
NS-0614,의료진,UNASSIGNED,,0.55,0.61,0.60,0.90,0.32,0.07,0.47,0.42,uninstantiated,
NS-0615,교수,UNASSIGNED,,0.70,0.61,0.24,0.68,0.70,0.11,0.65,0.23,uninstantiated,
NS-0616,감찰단,UNASSIGNED,,0.40,0.57,0.21,0.34,0.66,0.18,0.43,0.21,uninstantiated,
NS-0617,시설기숙사관리,UNASSIGNED,,0.47,0.38,0.56,0.46,0.39,0.16,0.12,0.36,uninstantiated,
NS-0618,교수,UNASSIGNED,,0.68,0.37,0.36,0.58,0.64,0.01,0.67,0.21,uninstantiated,
NS-0619,교수,UNASSIGNED,,0.77,0.46,0.69,0.42,0.80,0.30,0.57,0.27,uninstantiated,
NS-0620,의료진,UNASSIGNED,,0.35,0.80,0.40,0.89,0.58,0.19,0.41,0.07,uninstantiated,
NS-0621,식당서비스,UNASSIGNED,,0.37,0.48,0.66,0.73,0.46,0.03,0.58,0.43,uninstantiated,
NS-0622,교수,UNASSIGNED,,0.56,0.70,0.54,0.33,0.32,0.10,0.50,0.20,uninstantiated,
NS-0623,장내상인,UNASSIGNED,,0.59,0.78,0.81,0.68,0.52,0.50,0.54,0.37,uninstantiated,
NS-0624,교수,UNASSIGNED,,0.68,0.46,0.49,0.41,0.25,0.22,0.63,0.40,uninstantiated,
NS-0625,연구원,UNASSIGNED,,0.61,0.60,0.64,0.64,0.51,0.31,0.80,0.27,uninstantiated,
NS-0626,연구원,UNASSIGNED,,0.65,0.56,0.59,0.43,0.54,0.46,0.77,0.47,uninstantiated,
NS-0627,교수,UNASSIGNED,,0.67,0.46,0.53,0.44,0.38,0.44,0.61,0.55,uninstantiated,
NS-0628,행정직,UNASSIGNED,,0.35,0.79,0.71,0.64,0.82,0.07,0.54,0.28,uninstantiated,
NS-0629,룬공학장인,UNASSIGNED,,0.52,0.99,0.48,0.59,0.40,0.09,0.76,0.29,uninstantiated,
NS-0630,의료진,UNASSIGNED,,0.62,0.71,0.50,0.85,0.51,0.01,0.45,0.49,uninstantiated,
NS-0631,교수,UNASSIGNED,,0.60,0.42,0.60,0.53,0.36,0.69,0.62,0.38,uninstantiated,
NS-0632,교수,UNASSIGNED,,0.41,0.99,0.47,0.30,0.34,0.01,0.51,0.20,uninstantiated,
NS-0633,식당서비스,UNASSIGNED,,0.54,0.66,0.62,0.67,0.35,0.04,0.63,0.64,uninstantiated,
NS-0634,교수,UNASSIGNED,,0.61,0.42,0.41,0.39,0.26,0.17,0.51,0.53,uninstantiated,
NS-0635,연구원,UNASSIGNED,,0.74,0.69,0.70,0.56,0.61,0.07,0.71,0.55,uninstantiated,
NS-0636,행정직,UNASSIGNED,,0.23,0.72,0.55,0.66,0.54,0.43,0.46,0.47,uninstantiated,
NS-0637,시설기숙사관리,UNASSIGNED,,0.37,0.32,0.39,0.65,0.59,0.69,0.01,0.04,uninstantiated,
NS-0638,감찰단,UNASSIGNED,,0.30,0.40,0.39,0.49,0.22,0.22,0.43,0.56,uninstantiated,
NS-0639,감찰단,UNASSIGNED,,0.29,0.43,0.54,0.35,0.45,0.22,0.47,0.42,uninstantiated,
NS-0640,교수,UNASSIGNED,,0.74,0.35,0.48,0.72,0.39,0.01,0.63,0.62,uninstantiated,
NS-0641,서약원파견관,UNASSIGNED,,0.45,0.77,0.46,0.74,0.55,0.12,0.53,0.39,uninstantiated,
NS-0642,교수,UNASSIGNED,,0.49,0.65,0.58,0.72,0.37,0.14,0.77,0.45,uninstantiated,
NS-0643,교수,UNASSIGNED,,0.56,0.56,0.65,0.38,0.65,0.32,0.55,0.36,uninstantiated,
NS-0644,식당서비스,UNASSIGNED,,0.63,0.35,0.74,0.93,0.65,0.30,0.57,0.59,uninstantiated,
NS-0645,룬공학장인,UNASSIGNED,,0.81,0.58,0.22,0.24,0.52,0.42,0.75,0.22,uninstantiated,
NS-0646,시설기숙사관리,UNASSIGNED,,0.44,0.41,0.51,0.65,0.21,0.29,0.53,0.59,uninstantiated,
NS-0647,서약원파견관,UNASSIGNED,,0.47,0.83,0.33,0.70,0.38,0.06,0.47,0.08,uninstantiated,
NS-0648,서약원파견관,UNASSIGNED,,0.65,0.76,0.65,0.70,0.26,0.01,0.36,0.44,uninstantiated,
NS-0649,장내상인,UNASSIGNED,,0.75,0.43,0.57,0.59,0.56,0.43,0.51,0.74,uninstantiated,
NS-0650,교수,UNASSIGNED,,0.61,0.43,0.28,0.70,0.50,0.23,0.61,0.24,uninstantiated,
NS-0651,교수,UNASSIGNED,,0.76,0.56,0.27,0.71,0.40,0.29,0.58,0.32,uninstantiated,
NS-0652,장내상인,UNASSIGNED,,0.61,0.46,0.82,0.40,0.41,0.53,0.65,0.42,uninstantiated,
NS-0653,식당서비스,UNASSIGNED,,0.57,0.38,0.58,0.82,0.38,0.01,0.54,0.55,uninstantiated,
NS-0654,교수,UNASSIGNED,,0.62,0.10,0.51,0.50,0.32,0.19,0.62,0.38,uninstantiated,
NS-0655,교수,UNASSIGNED,,0.74,0.51,0.49,0.49,0.12,0.13,0.61,0.47,uninstantiated,
